{"Mean Squared Error": 0.8890300448804391, "R2 Score": 0.16937072050597024}